id,title,artist,year,period,museum,location,imageName,wikiart_url,wikipedia_url
7fd8ac5d-4b4f-4c15-9d8a-25a9f1a7dc21,"No. 5, 1948",Jackson Pollock,1948,Abstract Expressionism,Private Collection,USA,,,
1b9e5bcf-8011-4e89-8b75-ef505c29a5b1,Autumn Rhythm (Number 30),Jackson Pollock,1950,Abstract Expressionism,Metropolitan Museum of Art,"New York City, USA",,,
a4c7e944-86ab-4a10-b26b-49ef22d6a7a4,Blue Poles,Jackson Pollock,1952,Abstract Expressionism,National Gallery of Australia,"Canberra, Australia",,,
d02dc4fa-13e0-4cf0-9625-1c1b6c688a10,Convergence,Jackson Pollock,1952,Abstract Expressionism,Albright-Knox Art Gallery,"Buffalo, USA",,https://www.wikiart.org/en/jackson-pollock/convergence-1952,
e90f0e5c-90d4-47b5-878a-5134e32c2827,Lavender Mist (Number 1),Jackson Pollock,1950,Abstract Expressionism,National Gallery of Art,"Washington, D.C., USA",,,
c84707b5-6671-4b3b-a1e5-2069a2c01a44,No. 61 (Rust and Blue),Mark Rothko,1953,Abstract Expressionism,Museum of Contemporary Art,"Los Angeles, USA",,,
07c38f12-14b0-48c7-8b39-f445eae50f5f,"Orange, Red, Yellow",Mark Rothko,1961,Abstract Expressionism,Private Collection,USA,,,
fa6c3f0a-fd77-4b94-83d0-05997a2c85a5,"No. 14, 1960",Mark Rothko,1960,Abstract Expressionism,San Francisco Museum of Modern Art,"San Francisco, USA",,https://www.wikiart.org/en/mark-rothko/no-14-1960,
bca77e7c-5928-4201-97a8-8e8f91e5c3f2,"White Center (Yellow, Pink and Lavender on Rose)",Mark Rothko,1950,Abstract Expressionism,Private Collection,USA,,https://www.wikiart.org/en/mark-rothko/white-center,
27f2e5c7-89e8-4a43-a1a7-0e90ed3f4143,Untitled (Black on Grey),Mark Rothko,1970,Abstract Expressionism,Guggenheim Museum,"New York City, USA",,https://www.wikiart.org/en/mark-rothko/untitled,
db3c8c4e-80d2-4b62-9b0c-19f02879bb85,Woman I,Willem de Kooning,1950,Abstract Expressionism,Museum of Modern Art,"New York City, USA",,,
f27a6c63-80f0-47dc-9fd1-3a52cf7870cc,Excavation,Willem de Kooning,1950,Abstract Expressionism,Art Institute of Chicago,"Chicago, USA",,,
d5ef94f5-2e11-4717-83f1-8c46a9cfc1b8,Woman III,Willem de Kooning,1953,Abstract Expressionism,Private Collection,USA,,,
e12c68b8-60b8-46d1-8ed1-0a9d69c1b6cb,Gotham News,Willem de Kooning,1955,Abstract Expressionism,National Gallery of Art,"Washington, D.C., USA",,,
8e7480da-746b-4dc4-9511-4baf9e078a6d,Elegy to the Spanish Republic No. 110,Robert Motherwell,1971,Abstract Expressionism,Guggenheim Museum,"New York City, USA",,https://www.wikiart.org/en/robert-motherwell/elegy-to-the-spanish-republic-no-110-1971,
f016e91a-52e0-4c6c-b201-4d32d01a4d7f,"Pancho Villa, Dead and Alive",Robert Motherwell,1943,Abstract Expressionism,Museum of Modern Art,"New York City, USA",,https://www.wikiart.org/en/robert-motherwell/pancho-villa-dead-and-alive-1943,
415e734c-2e3c-465b-97c8-cb42289f58c0,Vir Heroicus Sublimis,Barnett Newman,1950,Abstract Expressionism,Museum of Modern Art,"New York City, USA",,https://www.wikiart.org/en/barnett-newman/vir-heroicus-sublimis-1950,
b78b2dc0-1e33-4ec7-95b5-40a83b02ee6f,Onement I,Barnett Newman,1948,Abstract Expressionism,Museum of Modern Art,"New York City, USA",,https://www.wikiart.org/en/barnett-newman/onement-i-1948,
d4ff653e-2586-4c83-8e37-dce0f33d7342,Cathedra,Barnett Newman,1951,Abstract Expressionism,Detroit Institute of Arts,"Detroit, USA",,,
0c8b1f8c-08a1-4fd8-a21d-cce3b3654cd7,Mahoning,Franz Kline,1956,Abstract Expressionism,Solomon R. Guggenheim Museum,"New York City, USA",,https://www.wikiart.org/en/franz-kline/mahoning-1956,
f5a3f44b-9537-4af9-b88f-ef12d14b8e79,Chief,Franz Kline,1950,Abstract Expressionism,Museum of Modern Art,"New York City, USA",,https://www.wikiart.org/en/franz-kline/chief-1950,
22adad49-2539-41a1-bb0b-b8af39457f80,Cubi XVIII,David Smith,1964,Abstract Expressionism,Smithsonian American Art Museum,"Washington, D.C., USA",,,
bb2c88f9-8f49-4cfa-b9f3-9f71a3ee9b77,Mountains and Sea,Helen Frankenthaler,1952,Abstract Expressionism,National Gallery of Art,"Washington, D.C., USA",,https://www.wikiart.org/en/helen-frankenthaler/mountains-and-sea-1952,
46b4f0b7-53cb-4d6f-b705-398381af4968,Cool White (Thrust),Lee Krasner,1959,Abstract Expressionism,Museum of Modern Art,"New York City, USA",,https://www.wikiart.org/en/lee-krasner/cool-white-1959,
bfc5a452-b68c-4e3a-8d65-80c5a1dc6129,The Calling of Saint Matthew,Caravaggio,1600,Baroque,"Contarelli Chapel, San Luigi dei Francesi","Rome, Italy",,,
3de1a6b0-278a-4bc0-9a1c-34932adfcb94,Judith Beheading Holofernes,Caravaggio,1599,Baroque,Galleria Nazionale d'Arte Antica,"Rome, Italy",,https://www.wikiart.org/en/caravaggio/judith-beheading-holofernes-1599,
8f58ad17-04cd-42ad-a357-d0e7e635e3d1,The Supper at Emmaus,Caravaggio,1601,Baroque,National Gallery,"London, United Kingdom",,,
7f10de6a-d74f-4951-90d7-5e3cfb3c3c81,David with the Head of Goliath,Caravaggio,1610,Baroque,Galleria Borghese,"Rome, Italy",,https://www.wikiart.org/en/caravaggio/david-with-the-head-of-goliath,
ef9f661e-f09a-4d59-8c3b-d167da7465ae,The Night Watch,Rembrandt van Rijn,1642,Baroque,Rijksmuseum,"Amsterdam, Netherlands",,,
bbd4e0fa-d56d-42a8-9ec8-96d39513ec4a,The Anatomy Lesson of Dr. Nicolaes Tulp,Rembrandt van Rijn,1632,Baroque,Mauritshuis,"The Hague, Netherlands",,https://www.wikiart.org/en/rembrandt-van-rijn/the-anatomy-lesson-of-dr-nicolaes-tulp-1632,
6b85b17a-0c64-4c5e-bc72-d474ffdc4e89,The Return of the Prodigal Son,Rembrandt van Rijn,1669,Baroque,Hermitage Museum,"St. Petersburg, Russia",,https://www.wikiart.org/en/rembrandt-van-rijn/the-return-of-the-prodigal-son-1669,
45a6cb3f-fc4c-45f9-b8e5-1c4f8996e749,The Jewish Bride,Rembrandt van Rijn,1667,Baroque,Rijksmuseum,"Amsterdam, Netherlands",,,
e1d9fae9-38a5-4627-a9d8-4fef2b92f240,Las Meninas,Diego Velázquez,1656,Baroque,Museo del Prado,"Madrid, Spain",,,https://upload.wikimedia.org/wikipedia/commons/3/31/Las_Meninas%2C_by_Diego_Vel%C3%A1zquez%2C_from_Prado_in_Google_Earth.jpg
d44a7991-9172-495a-95e0-9b77dd0c90f7,The Surrender of Breda,Diego Velázquez,1635,Baroque,Museo del Prado,"Madrid, Spain",,,https://upload.wikimedia.org/wikipedia/commons/8/8e/Velazquez-The_Surrender_of_Breda.jpg
f5d54f0f-f727-4d74-897c-3f5c86ed2ab1,The Rokeby Venus,Diego Velázquez,1651,Baroque,National Gallery,"London, United Kingdom",,,
e8e8a2f0-4569-40b7-8f1b-92d8b78e03d0,Portrait of Innocent X,Diego Velázquez,1650,Baroque,Galleria Doria Pamphilj,"Rome, Italy",,,https://upload.wikimedia.org/wikipedia/commons/7/7f/Retrato_del_Papa_Inocencio_X._Roma%2C_by_Diego_Vel%C3%A1zquez.jpg
c3b61c7b-c6b3-4fbb-86c8-1a1290e0f8e4,The Elevation of the Cross,Peter Paul Rubens,1610,Baroque,Cathedral of Our Lady,"Antwerp, Belgium",,https://www.wikiart.org/en/peter-paul-rubens/the-elevation-of-the-cross-1610,
8f6abdd1-c803-4825-a154-0a597ca7d213,The Descent from the Cross,Peter Paul Rubens,1612,Baroque,Cathedral of Our Lady,"Antwerp, Belgium",,https://www.wikiart.org/en/peter-paul-rubens/the-descent-from-the-cross,
cb97e41e-8799-46f7-91b7-7f00dc3f87cc,The Garden of Love,Peter Paul Rubens,1633,Baroque,Museo del Prado,"Madrid, Spain",,https://www.wikiart.org/en/peter-paul-rubens/the-garden-of-love-1633,
eb38cb8a-6b43-4f10-bae3-88f3c3b9e56c,Samson and Delilah,Peter Paul Rubens,1610,Baroque,National Gallery,"London, United Kingdom",,https://www.wikiart.org/en/peter-paul-rubens/samson-and-delilah-1610,
0f88e79c-034b-4b63-9a21-99c60d9f34d8,The Triumph of Bacchus,Diego Velázquez,1628,Baroque,Museo del Prado,"Madrid, Spain",,,
be91bc74-86a7-4d53-b02b-ecddbcf87164,The Rape of the Daughters of Leucippus,Peter Paul Rubens,1618,Baroque,Alte Pinakothek,"Munich, Germany",,,
b2d80830-0ac4-4fd7-9150-0300d23049f2,The Conversion of Saint Paul,Caravaggio,1601,Baroque,Santa Maria del Popolo,"Rome, Italy",,,
067f1d8f-6f14-48f3-9f5a-6e7f9e0e3138,The Inspiration of Saint Matthew,Caravaggio,1602,Baroque,"Contarelli Chapel, San Luigi dei Francesi","Rome, Italy",,,
d44a52f2-c6c3-48f4-bdbc-8ff5fc7a9807,The Ecstasy of Saint Teresa,Gian Lorenzo Bernini,1652,Baroque,Santa Maria della Vittoria,"Rome, Italy",,,
b3c85f6a-dcdb-487d-84f3-94e2f23174b5,Judith Slaying Holofernes,Artemisia Gentileschi,1620,Baroque,Uffizi Gallery,"Florence, Italy",,https://www.wikiart.org/en/artemisia-gentileschi/judith-slaying-holofernes-1620,
e3142d6b-4c9f-45d7-bb88-f18b2b2c60b4,Self-Portrait as the Allegory of Painting,Artemisia Gentileschi,1638,Baroque,Royal Collection,"London, United Kingdom",,,
139fe228-1995-4b4b-b5cb-cdf4c7e22b78,Girl with a Pearl Earring,Johannes Vermeer,1665,Baroque,Mauritshuis,"The Hague, Netherlands",,https://www.wikiart.org/en/johannes-vermeer/the-girl-with-a-pearl-earring,
79a93692-8d36-4c5c-a9f4-beb407f6df16,The Milkmaid,Johannes Vermeer,1658,Baroque,Rijksmuseum,"Amsterdam, Netherlands",,https://www.wikiart.org/en/johannes-vermeer/the-milkmaid,
1acbe594-ff61-4d8b-b75e-f01a6b4ec9de,View of Delft,Johannes Vermeer,1660,Baroque,Mauritshuis,"The Hague, Netherlands",,,
e60ef76e-d83b-4b1c-bb8b-60dbb3218c90,Woman Holding a Balance,Johannes Vermeer,1664,Baroque,National Gallery of Art,"Washington, D.C., USA",,,
b9e54fc0-faa5-4d69-8f63-3ebc31a2526a,The Music Lesson,Johannes Vermeer,1662,Baroque,Royal Collection,"London, United Kingdom",,https://www.wikiart.org/en/johannes-vermeer/the-music-lesson,
a5131a08-3a5e-4cdb-9638-3c4b1633b164,Christ in the House of Martha and Mary,Diego Velázquez,1618,Baroque,National Gallery,"London, United Kingdom",,,
e2b9d02d-13e1-46c1-bd47-3ab6c6a7d9a1,The Physical Impossibility of Death in the Mind of Someone Living,Damien Hirst,1991,Contemporary / Conceptual Art,Tate Modern,"London, United Kingdom",,https://www.wikiart.org/en/damien-hirst/the-physical-impossibility-of-death-in-the-mind-of-someone-living,
d0ac8f73-2e8d-4c5a-9d4b-3b18a7397a0d,For the Love of God,Damien Hirst,2007,Contemporary / Conceptual Art,White Cube Gallery,"London, United Kingdom",,https://www.wikiart.org/en/damien-hirst/for-the-love-of-god,
82d57a28-6b14-4a9a-bc5e-56b94b39e7a4,Spot Painting (Pharmaceutical),Damien Hirst,1988,Contemporary / Conceptual Art,Gagosian Gallery,"New York City, USA",,,
9c539c2e-0cf5-4f74-80c4-4bb90239c154,Balloon Dog (Orange),Jeff Koons,1994,Contemporary / Conceptual Art,Private Collection,USA,,,
5b25356c-0b7f-4b35-b254-607c3f2a3f7a,Rabbit,Jeff Koons,1986,Contemporary / Conceptual Art,Christie’s Auction Record Holder,USA,,https://www.wikiart.org/en/jeff-koons/rabbit-1986,
998be948-3e41-4f5c-9e69-bdb86a91df84,Michael Jackson and Bubbles,Jeff Koons,1988,Contemporary / Conceptual Art,San Francisco Museum of Modern Art,"San Francisco, USA",,https://www.wikiart.org/en/jeff-koons/michael-jackson-and-bubbles,
b7e7c372-94cc-46dc-bf5b-bdf8c944f7a3,Untitled Film Still #21,Cindy Sherman,1978,Contemporary / Conceptual Art,Museum of Modern Art,"New York City, USA",,,
86b8e874-cd13-4ff9-89e3-32ab34b6c293,Untitled #96,Cindy Sherman,1981,Contemporary / Conceptual Art,Museum of Modern Art,"New York City, USA",,https://www.wikiart.org/en/cindy-sherman/untitled-96,
d4a514b8-018f-4f83-bdf8-1ec90dddeae4,Girl with Balloon,Banksy,2002,Contemporary / Conceptual Art,Private Collection / Street Art,"London, United Kingdom",,https://www.wikiart.org/en/banksy/girl-with-balloon,
0cc2189b-47ef-4b16-b02e-c9c6168c4e1c,There Is Always Hope,Banksy,2002,Contemporary / Conceptual Art,Street Installation,"London, United Kingdom",,,
ef124af3-b2d8-47d3-a307-1847a1dbed23,Love Is in the Air (Flower Thrower),Banksy,2003,Contemporary / Conceptual Art,Private Collection,"London, United Kingdom",,,
2c9df923-7bc2-40e4-aad3-8c7e41e94f4b,Infinity Mirror Room – Phalli’s Field,Yayoi Kusama,1965,Contemporary / Conceptual Art,Yayoi Kusama Museum,"Tokyo, Japan",,,
b0f871c1-0499-49e7-a790-dcb7198793c9,Pumpkin,Yayoi Kusama,1990,Contemporary / Conceptual Art,Naoshima Art Island,"Naoshima, Japan",,https://www.wikiart.org/en/yayoi-kusama/pumpkin-1990,
3d6014df-bc6d-40f2-9a0e-cba414d9cd4d,Infinity Mirrored Room – The Souls of Millions of Light Years Away,Yayoi Kusama,2013,Contemporary / Conceptual Art,The Broad Museum,"Los Angeles, USA",,,
01a97a2b-981b-4db4-8f67-498999c82c9c,Dropping a Han Dynasty Urn,Ai Weiwei,1995,Contemporary / Conceptual Art,Private Collection,China,,https://www.wikiart.org/en/ai-weiwei/dropping-a-han-dynasty-urn-1995,
3510410f-faf1-4d0d-9330-18d533a1e086,Sunflower Seeds,Ai Weiwei,2010,Contemporary / Conceptual Art,Tate Modern,"London, United Kingdom",,https://www.wikiart.org/en/ai-weiwei/sunflower-seeds-2010,
cc961c8e-7f3a-46c2-b227-9f8c5cf29c63,Bed,Tracey Emin,1998,Contemporary / Conceptual Art,Tate Britain,"London, United Kingdom",,,
d46921c0-c354-4d34-b7ef-fb4eb1b2d85c,Everyone I Have Ever Slept With 1963–1995,Tracey Emin,1995,Contemporary / Conceptual Art,Destroyed (Momart fire),"London, United Kingdom",,,
f8b6f471-3858-40b0-9510-f5e8c21c248d,Untitled (Skull),Jean-Michel Basquiat,1981,Contemporary / Conceptual Art,Private Collection,USA,,https://www.wikiart.org/en/jean-michel-basquiat/untitled,
25cf52b7-6e6a-4f5b-9a90-d61d5048b798,Untitled (1982),Jean-Michel Basquiat,1982,Contemporary / Conceptual Art,Private Collection,USA,,https://www.wikiart.org/en/jean-michel-basquiat/untitled,
9ea2db25-376d-4df7-95b9-2dd82dcdd4c4,Hollywood Africans,Jean-Michel Basquiat,1983,Contemporary / Conceptual Art,Whitney Museum of American Art,"New York City, USA",,https://www.wikiart.org/en/jean-michel-basquiat/hollywood-africans,
b19f1ef2-164c-40d1-8291-59d531b73a52,Untitled (Portrait of Ross in L.A.),Felix Gonzalez-Torres,1991,Contemporary / Conceptual Art,Art Institute of Chicago,"Chicago, USA",,https://www.wikiart.org/en/felix-gonzalez-torres/untitled-1991,
b3d9d617-b9b9-42f4-b9ac-3d4a7c8dd8e3,One and Three Chairs,Joseph Kosuth,1965,Contemporary / Conceptual Art,Museum of Modern Art,"New York City, USA",,https://www.wikiart.org/en/joseph-kosuth/one-and-three-chairs,
15ef8ce4-9dc2-4ce7-a57c-f2d18a55a9c3,Untitled (Perfect Lovers),Felix Gonzalez-Torres,1991,Contemporary / Conceptual Art,Museum of Modern Art,"New York City, USA",,https://www.wikiart.org/en/felix-gonzalez-torres/untitled-1991,
d7a7328c-9cf5-4868-8575-3c2ab00de31b,Les Demoiselles d’Avignon,Pablo Picasso,1907,Cubism,Museum of Modern Art,"New York City, USA",,https://www.wikiart.org/en/pablo-picasso/les-demoiselles-davignon-1907,
f2c24a77-13db-4f6f-98ad-9ff70fc8aadb,Girl with a Mandolin (Fanny Tellier),Pablo Picasso,1910,Cubism,Museum of Modern Art,"New York City, USA",,,
94af8b31-f993-4cf1-99ee-195c3e17a10a,Still Life with Chair Caning,Pablo Picasso,1912,Cubism,Musée Picasso,"Paris, France",,,
c722bbf0-f9d1-4c39-8d7d-85d2c9f8ed03,Ma Jolie,Pablo Picasso,1912,Cubism,Museum of Modern Art,"New York City, USA",,,
1bff73db-7a9c-40c0-a55a-ddeabefb00c4,Three Musicians,Pablo Picasso,1921,Cubism,Museum of Modern Art,"New York City, USA",,,
26a18f45-d4c3-4ab7-a00e-3c3ffda14491,Man with a Guitar,Georges Braque,1911,Cubism,Museum of Modern Art,"New York City, USA",,https://www.wikiart.org/en/georges-braque/man-with-a-guitar-1911,
c61a2b04-6d45-4f3c-81d2-c86cc6f32789,Violin and Candlestick,Georges Braque,1910,Cubism,San Francisco Museum of Modern Art,"San Francisco, USA",,https://www.wikiart.org/en/georges-braque/violin-and-candlestick-1910,
e3ab5b87-1f32-4843-99e3-50f2c7e2c687,Houses at L’Estaque,Georges Braque,1908,Cubism,Musée National d’Art Moderne,"Paris, France",,,
7a86e594-f7a3-46e1-8e8b-b3850315674b,Bottle and Fishes,Georges Braque,1910,Cubism,Tate Modern,"London, United Kingdom",,https://www.wikiart.org/en/georges-braque/bottle-and-fishes-1910,
3b04667c-11b5-4ef3-9ee9-27e32cce1c58,Violin and Palette,Georges Braque,1909,Cubism,Guggenheim Museum,"New York City, USA",,https://www.wikiart.org/en/georges-braque/violin-and-palette-1909,
5cb2f490-7f5d-4a25-b8a5-2c962f4adbc7,Portrait of Pablo Picasso,Juan Gris,1912,Cubism,Art Institute of Chicago,"Chicago, USA",,https://www.wikiart.org/en/juan-gris/portrait-of-pablo-picasso-1912,
5f30e1f9-0c0c-4e1c-8a53-47f061e6aaf1,The Sunblind,Juan Gris,1914,Cubism,Museo Nacional Centro de Arte Reina Sofía,"Madrid, Spain",,https://www.wikiart.org/en/juan-gris/the-sunblind-1914,
4b4a3ab7-32a4-40f3-8d6b-19c2f0d79e44,Still Life with Checked Tablecloth,Juan Gris,1915,Cubism,Metropolitan Museum of Art,"New York City, USA",,https://www.wikiart.org/en/juan-gris/still-life-with-checked-tablecloth-1915,
7c5da8b2-43cb-4049-8e2c-f7b74a7f5958,Glass of Beer and Playing Cards,Juan Gris,1913,Cubism,Philadelphia Museum of Art,"Philadelphia, USA",,,
8cbe7c37-4231-4cbb-8a7c-6a4d04701911,Man in a Café,Juan Gris,1912,Cubism,Philadelphia Museum of Art,"Philadelphia, USA",,,
3e2ad671-1e7e-48d9-9ab3-661f063bfc8d,Woman with a Guitar,Fernand Léger,1913,Cubism,Kunstmuseum Basel,"Basel, Switzerland",,,
f0b8ac90-6b9c-49db-8a71-41a331e3d61f,The City,Fernand Léger,1919,Cubism,Philadelphia Museum of Art,"Philadelphia, USA",,,
fbd8cb3c-8ffb-4cb1-9f14-0b4caa17f706,Still Life with a Pipe,Fernand Léger,1920,Cubism,Musée d’Art Moderne de la Ville de Paris,"Paris, France",,,
c9f318ff-1cc9-46ed-a967-0a07b04b1450,Woman with a Guitar (After Braque),Pablo Picasso,1913,Cubism,Musée Picasso,"Paris, France",,,
b3a4cfa7-1d57-4057-8d19-37c9b2483dcb,Glass and Bottle of Suze,Pablo Picasso,1912,Cubism,Kunstmuseum Basel,"Basel, Switzerland",,https://www.wikiart.org/en/pablo-picasso/glass-and-bottle-of-suze-1912,
91f2e288-88d2-41dc-a7ad-344f7d2ab6ea,Man with a Clarinet,Georges Braque,1912,Cubism,Tate Modern,"London, United Kingdom",,,
a38b7d56-37a5-46a0-899d-3d41efbbeb36,Still Life with Metronome,Juan Gris,1914,Cubism,Museum of Modern Art,"New York City, USA",,,
1541db87-6eb5-4df7-86e5-82b2fa50f416,The Portuguese,Georges Braque,1911,Cubism,Kunstmuseum Basel,"Basel, Switzerland",,,
61fbc9ee-4c92-4f60-b9cf-6f82a08dfb33,Seated Woman,Pablo Picasso,1910,Cubism,Tate Modern,"London, United Kingdom",,,
4e1e8d8c-7292-43ef-8b70-39bfb0f7a328,The Scream,Edvard Munch,1893,Expressionism,National Gallery,"Oslo, Norway",,https://www.wikiart.org/en/edvard-munch/the-scream-1893,
6a9a14a3-3c42-4d76-8a44-8905a4c93889,The Dance of Life,Edvard Munch,1899,Expressionism,National Gallery,"Oslo, Norway",,,
1ce8e7c5-25a2-4f4d-9d31-f9b592a6b4df,The Madonna,Edvard Munch,1894,Expressionism,Munch Museum,"Oslo, Norway",,,
0f6d3b4e-8f14-4b64-a1b4-2e2b755ed69c,"Street, Berlin",Ernst Ludwig Kirchner,1913,Expressionism,Museum of Modern Art,"New York City, USA",,https://www.wikiart.org/en/ernst-ludwig-kirchner/street-berlin,
47b8af1c-78a5-47e5-8eb9-30401cb59ef0,Self-Portrait as a Soldier,Ernst Ludwig Kirchner,1915,Expressionism,Allen Memorial Art Museum,"Oberlin, USA",,https://www.wikiart.org/en/ernst-ludwig-kirchner/self-portrait-as-a-soldier-1915,
cd9a4e7c-d016-4b76-bc9a-b54f59fbb680,"Street, Dresden",Ernst Ludwig Kirchner,1908,Expressionism,Galerie Neue Meister,"Dresden, Germany",,,
7f441df8-dfb5-45a0-82de-f602c5c253a8,Composition VII,Wassily Kandinsky,1913,Expressionism,Tretyakov Gallery,"Moscow, Russia",,https://www.wikiart.org/en/wassily-kandinsky/composition-vii-1913,
b3bcae4d-3287-4e7d-bd10-8fbbd82fdc2a,Improvisation 28 (Second Version),Wassily Kandinsky,1912,Expressionism,Solomon R. Guggenheim Museum,"New York City, USA",,,
9b4a54f5-c260-4674-bbc1-fb958e26a5e2,The Blue Rider,Wassily Kandinsky,1903,Expressionism,Lenbachhaus,"Munich, Germany",,,
a77710ff-1260-4963-b11b-4ebc3fc03f57,The Large Blue Horses,Franz Marc,1911,Expressionism,Walker Art Center,"Minneapolis, USA",,https://www.wikiart.org/en/franz-marc/the-large-blue-horses-1911,
8f00de91-76e2-4e3f-bfa8-67138b496530,Fate of the Animals,Franz Marc,1913,Expressionism,Kunstmuseum Basel,"Basel, Switzerland",,https://www.wikiart.org/en/franz-marc/fate-of-the-animals,
f4562f10-f8db-4ecf-bdb0-84e218a56eb9,Deer in the Forest,Franz Marc,1913,Expressionism,Kunstmuseum Basel,"Basel, Switzerland",,https://www.wikiart.org/en/franz-marc/deer-in-the-forest-1913,
1c40917d-5e35-4a91-9058-818066eb15f9,Self-Portrait with Model,Ernst Ludwig Kirchner,1910,Expressionism,Neue Nationalgalerie,"Berlin, Germany",,https://www.wikiart.org/en/ernst-ludwig-kirchner/self-portrait-with-model,
993b1778-7391-49de-bdcc-6cf2b918e218,Portrait of the Journalist Sylvia von Harden,Otto Dix,1926,Expressionism,Centre Pompidou,"Paris, France",,https://www.wikiart.org/en/otto-dix/portrait-of-the-journalist-sylvia-von-harden-1926,
93a76a1b-d17b-4d8b-a4b0-1a10b688b17e,War Triptych,Otto Dix,1932,Expressionism,Staatliche Kunstsammlungen,"Dresden, Germany",,,
64b453c0-f256-4b9b-b2e3-3b4183269862,The Tempest,Oskar Kokoschka,1914,Expressionism,Kunstmuseum Basel,"Basel, Switzerland",,,
ae02d0d9-c08a-4f73-a4a5-26e08f6eb52f,Self-Portrait with Hands,Egon Schiele,1911,Expressionism,Leopold Museum,"Vienna, Austria",,,
dcd23f62-dc2d-4f2d-8e5d-b8d63e75eb0e,Death and the Maiden,Egon Schiele,1915,Expressionism,Belvedere Museum,"Vienna, Austria",,https://www.wikiart.org/en/egon-schiele/death-and-the-maiden-1915,
70325559-0d18-4f9f-9507-0fc40dcf9405,The Family,Egon Schiele,1918,Expressionism,Belvedere Museum,"Vienna, Austria",,https://www.wikiart.org/en/egon-schiele/the-family-1918,
3f2b0df1-29ad-4f0b-bd7d-b68ddf8fcae9,Still Life with Masks,Emil Nolde,1911,Expressionism,Nationalgalerie,"Berlin, Germany",,,
cb6a73c9-01b7-4e4c-bb5f-d3d21736b428,The Prophet,Emil Nolde,1912,Expressionism,Museum of Modern Art,"New York City, USA",,,
c84471a0-3c7c-46a7-b6b4-ff1e1fdf4221,Masks (Still Life III),Emil Nolde,1911,Expressionism,National Gallery of Denmark,"Copenhagen, Denmark",,,
dcdf21b0-4b0e-486c-a99e-279bb25323d1,The City Rises,Umberto Boccioni,1910,Expressionism,Museum of Modern Art,"New York City, USA",,https://www.wikiart.org/en/umberto-boccioni/the-city-rises,
c5b06d11-7cf1-4e92-b02f-25795c7374b3,Tower of Blue Horses,Franz Marc,1913,Expressionism,Destroyed or missing (WWII),"Formerly Berlin, Germany",,https://www.wikiart.org/en/franz-marc/the-tower-of-blue-horses-1913,
acacdd6c-08e3-4b1b-88dc-3a3c0c3e80a7,The Green Face,Alexej von Jawlensky,1910,Expressionism,Lenbachhaus,"Munich, Germany",,,
5b788e9b-4d47-4f2c-a4b3-dcb3dbf97c62,The Last Judgment,Franz Marc,1912,Expressionism,Kunsthalle Hamburg,"Hamburg, Germany",,,
7cebc5f1-171b-421d-bc22-02eb788a9944,Winter Landscape,Ernst Ludwig Kirchner,1911,Expressionism,Kunstmuseum Winterthur,"Winterthur, Switzerland",,,
c14b87a3-f22f-4e83-9ab5-98c7edb929b8,Unique Forms of Continuity in Space,Umberto Boccioni,1913,Futurism,Museum of Modern Art,"New York City, USA",,https://www.wikiart.org/en/umberto-boccioni/unique-forms-of-continuity-in-space-1913,
c8bca4ef-3a4c-4387-8f84-13f6c5a90d2e,The City Rises,Umberto Boccioni,1910,Futurism,Museum of Modern Art,"New York City, USA",,https://www.wikiart.org/en/umberto-boccioni/the-city-rises,
2329b5a9-4a22-4a88-bc90-4535200154e9,Dynamism of a Cyclist,Umberto Boccioni,1913,Futurism,Peggy Guggenheim Collection,"Venice, Italy",,https://www.wikiart.org/en/umberto-boccioni/dynamism-of-a-cyclist-1913,
b9b7e5fc-cdbd-4a46-b4a8-3a68f1b18711,States of Mind I: The Farewells,Umberto Boccioni,1911,Futurism,Museum of Modern Art,"New York City, USA",,https://www.wikiart.org/en/umberto-boccioni/states-of-mind-i-the-farewells-1911,
edba76c4-fcf8-4ef8-9c39-6b7c5022e2c5,States of Mind II: Those Who Go,Umberto Boccioni,1911,Futurism,Museum of Modern Art,"New York City, USA",,https://www.wikiart.org/en/umberto-boccioni/states-of-mind-ii-those-who-go-1911,
2e0ef8ea-7024-4a62-8178-4271f946efb7,States of Mind III: Those Who Stay,Umberto Boccioni,1911,Futurism,Museum of Modern Art,"New York City, USA",,https://www.wikiart.org/en/umberto-boccioni/states-of-mind-iii-those-who-stay-1911,
fe356f8b-998d-4a9f-8e61-73ce2e9a2ed8,The Laugh,Umberto Boccioni,1911,Futurism,Museum of Modern Art,"New York City, USA",,https://www.wikiart.org/en/umberto-boccioni/the-laugh-1911,
2f04b812-0db9-4a35-b0a5-dcf25227a10d,Dynamism of a Dog on a Leash,Giacomo Balla,1912,Futurism,Albright-Knox Art Gallery,"Buffalo, USA",,https://www.wikiart.org/en/giacomo-balla/dynamism-of-a-dog-on-a-leash-1912,
171e0ec2-5984-46d3-a19d-4a5d4051ce84,Abstract Speed + Sound,Giacomo Balla,1913,Futurism,Peggy Guggenheim Collection,"Venice, Italy",,,
8cb5f5b0-5dfc-45c5-9263-0de28e30b39b,Street Light,Giacomo Balla,1910,Futurism,Museum of Modern Art,"New York City, USA",,,
12b8f6c9-8e83-48d2-bf9f-5ef0b17fbdc4,Speeding Automobile,Giacomo Balla,1912,Futurism,Private Collection,Italy,,https://www.wikiart.org/en/giacomo-balla/speeding-automobile-1912,
c64d1347-62ac-4a16-97a9-f7e8d7b2573d,The Dance of the Pan-Pans at the Monico,Gino Severini,1909,Futurism,Museum of Modern Art,"New York City, USA",,,
0f2c52ac-749d-4f92-996b-c2678d2f5c44,Armored Train in Action,Gino Severini,1915,Futurism,Museum of Modern Art,"New York City, USA",,https://www.wikiart.org/en/gino-severini/armored-train-in-action-1915,
2d44e672-423c-4220-b43b-c53a53d01f1a,Dynamic Hieroglyph of the Bal Tabarin,Gino Severini,1912,Futurism,Museum of Modern Art,"New York City, USA",,,
6d21f6c7-2b1c-4403-8f3b-c52a671a04d3,Blue Dancer,Gino Severini,1912,Futurism,Musée d’Art Moderne de la Ville de Paris,"Paris, France",,,
aa452e11-038c-4b1b-90cb-8b948f77cf0f,The Cyclist,Natalia Goncharova,1913,Futurism,State Russian Museum,"Saint Petersburg, Russia",,,
f64a6c2c-b745-478c-b6cf-55ec9e748a04,The Knife Grinder,Kazimir Malevich,1913,Futurism,Yale University Art Gallery,"New Haven, USA",,,
a0e783b4-4d4b-4e9e-b731-8e59809e19db,Train + Landscape,Gino Severini,1915,Futurism,Museum of Modern Art,"New York City, USA",,,
63a5fbea-05e1-4710-b15c-304573d6b869,Flying Over the Coliseum in a Spiral,Tullio Crali,1939,Futurism,Museo del Novecento,"Milan, Italy",,,
8c23cf90-46bb-47a3-b5d7-cb3b41e95f8c,Plastic Synthesis of a Woman on a Balcony,Umberto Boccioni,1912,Futurism,Estorick Collection,"London, United Kingdom",,,
cb6cfb5a-8c79-47de-b0c3-247f050e61b7,Speeding Train,Ivo Pannaggi,1922,Futurism,Private Collection,Italy,,,
b42c3ee4-7e63-4ecf-bbe5-8533ab7b5f64,Aeroplane over the Colosseum in Rome,Tullio Crali,1930,Futurism,Private Collection,Italy,,,
fcf98b1b-f4cc-4f41-94e0-37d815a24a69,The Cyclist’s Dynamism,Luigi Russolo,1913,Futurism,Museum of Modern Art,"New York City, USA",,,
742bb8e2-63b4-4ad4-8a4e-1825a01a4d94,Dynamism of a Car,Luigi Russolo,1913,Futurism,Private Collection,Italy,,https://www.wikiart.org/en/luigi-russolo/dynamism-of-a-car-1913,
e6b8e0b3-2388-47b9-8324-bf6c893e9f2d,"Impression, Sunrise",Claude Monet,1872,Impressionism,Musée Marmottan Monet,"Paris, France",,https://www.wikiart.org/en/claude-monet/impression-sunrise,
d2552a42-3b5c-4a1b-9e91-418c90d8a0cf,Water Lilies,Claude Monet,1916,Impressionism,Musée de l'Orangerie,"Paris, France",,https://www.wikiart.org/en/claude-monet/water-lilies,
9a413b45-b747-44c3-918c-b105403164a8,Woman with a Parasol,Claude Monet,1875,Impressionism,National Gallery of Art,"Washington, D.C., USA",,,
e3b377fa-007d-4fd9-a3a5-50cf5f5b31f8,The Artist's Garden at Giverny,Claude Monet,1900,Impressionism,Musée d'Orsay,"Paris, France",,https://www.wikiart.org/en/claude-monet/the-artists-garden-at-giverny-1900,
b46cc0a9-7053-4da2-a77c-b529d86e7bb3,"Rouen Cathedral, Facade (Sunset)",Claude Monet,1894,Impressionism,Musée d'Orsay,"Paris, France",,,
4b911d2a-b38b-4f73-b2c3-9a9f6a5e9469,Haystacks (End of Summer),Claude Monet,1891,Impressionism,Musée d'Orsay,"Paris, France",,,
b527d9cf-2c70-4b5c-b1a7-f06725a87d7d,Dance at Le Moulin de la Galette,Pierre-Auguste Renoir,1876,Impressionism,Musée d'Orsay,"Paris, France",,,
c171de9f-06d5-4b3f-8c09-d0bb706b7e72,Luncheon of the Boating Party,Pierre-Auguste Renoir,1881,Impressionism,The Phillips Collection,"Washington, D.C., USA",,https://www.wikiart.org/en/pierre-auguste-renoir/the-luncheon-of-the-boating-party-1881,
8b1a8d35-3e79-4f29-96e0-292195da31c4,The Swing,Pierre-Auguste Renoir,1876,Impressionism,Musée d'Orsay,"Paris, France",,,
5d49ce02-0e36-4b49-9b5a-1fdc9d33a099,La Loge,Pierre-Auguste Renoir,1874,Impressionism,Courtauld Gallery,"London, United Kingdom",,https://www.wikiart.org/en/pierre-auguste-renoir/la-loge-1874,
e2f218e9-bdc1-4938-b8c9-2ac09cf6c238,Two Sisters (On the Terrace),Pierre-Auguste Renoir,1881,Impressionism,Art Institute of Chicago,"Chicago, USA",,,
a53775e2-7ed5-4b58-8364-3b016fd89a2b,The Ballet Class,Edgar Degas,1874,Impressionism,Musée d'Orsay,"Paris, France",,https://www.wikiart.org/en/edgar-degas/the-ballet-class-1874,
2e17b6c4-cdb5-495b-944a-3ce9c77a78f1,The Absinthe Drinker,Edgar Degas,1876,Impressionism,Musée d'Orsay,"Paris, France",,https://www.wikiart.org/en/edgar-degas/the-absinthe-drinker-1876,
38e5932a-9a3e-4f3d-95e0-1a62e9b529c7,L'Étoile (The Star),Edgar Degas,1878,Impressionism,Musée d'Orsay,"Paris, France",,,
fbbaf3e5-f1c3-4f7a-8336-f2c99bb1d473,Woman Ironing,Edgar Degas,1884,Impressionism,Musée d'Orsay,"Paris, France",,https://www.wikiart.org/en/edgar-degas/woman-ironing,
6bc4b729-155a-4782-9b47-f511a7b64e09,The Boulevard Montmartre at Night,Camille Pissarro,1897,Impressionism,National Gallery,"London, United Kingdom",,https://www.wikiart.org/en/camille-pissarro/the-boulevard-montmartre-at-night-1897,
b4cf64cf-4512-4b58-8f64-fec364b9968e,"The Red Roofs, Corner of a Village",Camille Pissarro,1877,Impressionism,Musée d'Orsay,"Paris, France",,,
a42e7c3d-d222-41c3-a229-9cb6674f8a43,Peasants Planting Potatoes,Camille Pissarro,1885,Impressionism,National Gallery of Art,"Washington, D.C., USA",,,
b6f4f7b7-9248-449b-90ed-389a1f94491a,"Rue Saint-Honoré, Afternoon, Rain Effect",Camille Pissarro,1897,Impressionism,Museo Thyssen-Bornemisza,"Madrid, Spain",,,
e53bc8d1-9775-469d-aeb3-bbd64db2702d,The Cradle,Berthe Morisot,1872,Impressionism,Musée d'Orsay,"Paris, France",,https://www.wikiart.org/en/berthe-morisot/the-cradle-1872,
bbaf0841-2d77-474a-8efb-32d615d9e2f7,Summer’s Day,Berthe Morisot,1879,Impressionism,National Gallery,"London, United Kingdom",,https://www.wikiart.org/en/berthe-morisot/summers-day-1879,
99860e06-95b1-4a52-a1c1-890ce8b4b9dc,The Boating Party,Mary Cassatt,1893,Impressionism,National Gallery of Art,"Washington, D.C., USA",,,
3cb0c13b-f2f8-4ec4-b312-3079cc7c015f,The Child’s Bath,Mary Cassatt,1893,Impressionism,Art Institute of Chicago,"Chicago, USA",,https://www.wikiart.org/en/mary-cassatt/the-childs-bath-1893,
a4f40f3d-b0a9-4e76-89a9-8c6cc47eaf9d,Lilacs in the Sun,Mary Cassatt,1880,Impressionism,Private Collection,USA,,,
f993da79-08f3-4b7a-9950-50f835a34e14,The Gare Saint-Lazare,Claude Monet,1877,Impressionism,Musée d'Orsay,"Paris, France",,,
245b5806-92d9-40cf-b34a-340f77d768d3,Boating on the Seine,Pierre-Auguste Renoir,1879,Impressionism,National Gallery of Art,"Washington, D.C., USA",,,
63e7b035-fc89-4cc7-b9a4-32e9116f7f1c,Self-Portrait,Claude Monet,1886,Impressionism,Private Collection,France,,,
118e2720-ff2b-4796-88aa-68a9bb8b81d5,"The Houses of Parliament, London, Sunset",Claude Monet,1903,Impressionism,Musée d'Orsay,"Paris, France",,,
5f3e408f-cf2d-4bcf-835f-b4802a1b6de1,Die Fahne Hoch!,Frank Stella,1959,Minimalism,Whitney Museum of American Art,"New York City, USA",,https://www.wikiart.org/en/frank-stella/die-fahne-hoch-1959,
2cde87e4-905d-49bb-b3cf-44d1ef53cf0c,Harran II,Frank Stella,1967,Minimalism,Solomon R. Guggenheim Museum,"New York City, USA",,https://www.wikiart.org/en/frank-stella/harran-ii-1967,
91f73aa2-56e0-4e7a-b7e1-3d897ed84f57,Empress of India,Frank Stella,1965,Minimalism,Museum of Modern Art,"New York City, USA",,https://www.wikiart.org/en/frank-stella/empress-of-india-1965,
29a8d541-056b-4a5c-95f5-c6cda58b39ff,Untitled (Stack),Donald Judd,1967,Minimalism,Museum of Modern Art,"New York City, USA",,https://www.wikiart.org/en/donald-judd/untitled,
6c30fcab-f3e7-43ff-a9a1-71dbf89e5f7c,100 Untitled Works in Mill Aluminum,Donald Judd,1982,Minimalism,Chinati Foundation,"Marfa, USA",,,
d5c04b03-46d1-4e9a-9ac4-b1f5e6fa4a4d,Untitled (Marfa Installation),Donald Judd,1980,Minimalism,Chinati Foundation,"Marfa, USA",,https://www.wikiart.org/en/donald-judd/untitled,
2df20b1d-6639-429f-9bcd-2172b5fa9cf2,Yellow Piece,Ellsworth Kelly,1966,Minimalism,Museum of Modern Art,"New York City, USA",,,
dbdbf685-3294-4e53-9b72-5e22931460b8,Colors for a Large Wall,Ellsworth Kelly,1951,Minimalism,Museum of Modern Art,"New York City, USA",,https://www.wikiart.org/en/ellsworth-kelly/colors-for-a-large-wall-1951,
cae25277-3f4e-4af2-bd56-2a8baf2a9828,Blue Red Green,Ellsworth Kelly,1963,Minimalism,Museum of Fine Arts,"Houston, USA",,,
9a1dff69-6c42-46b7-a80e-f9a3124e4fd1,White Stone,Agnes Martin,1964,Minimalism,Guggenheim Museum,"New York City, USA",,,
ac8e9498-4c58-4b41-93bb-df3e7f6bfc0c,The Tree,Agnes Martin,1964,Minimalism,Museum of Modern Art,"New York City, USA",,https://www.wikiart.org/en/agnes-martin/the-tree-1964,
2a6788e9-c8ee-4d5d-a225-58664d3bb963,Friendship,Agnes Martin,1963,Minimalism,Museum of Modern Art,"New York City, USA",,,
ba25c7c9-cb0c-4e2e-9b43-46f7d1b5a881,Pink Pyramids,Agnes Martin,1964,Minimalism,Whitney Museum of American Art,"New York City, USA",,,
92e0d6ed-3b8a-4a27-a3e0-292f83acfc29,Wall Drawing #1136,Sol LeWitt,2004,Minimalism,Mass MoCA,"North Adams, USA",,https://www.wikiart.org/en/sol-lewitt/wall-drawing-1136-2004,
10b4a02d-15a2-4a24-bcf6-c2a7a91dd6c8,Incomplete Open Cubes,Sol LeWitt,1974,Minimalism,Museum of Modern Art,"New York City, USA",,,
6a7b6a36-25ac-4e52-88db-00470379ce2f,"Serial Project, I (ABCD)",Sol LeWitt,1966,Minimalism,Museum of Modern Art,"New York City, USA",,,
c0b510e8-8c2c-4b32-8d4f-f0a537bfa7bb,Monument for V. Tatlin,Dan Flavin,1964,Minimalism,Tate Modern,"London, United Kingdom",,,
29a9e36a-478f-49d3-b053-8b3a55c7b54f,"Untitled (to you, Heiner, with admiration and affection)",Dan Flavin,1973,Minimalism,Guggenheim Museum,"New York City, USA",,,
1b7b64d3-dc15-4e23-89c1-bb252d2e0e0b,Untitled (to Barnett Newman),Dan Flavin,1971,Minimalism,Dia Beacon,"Beacon, USA",,,
dc3d08da-848b-41b8-a85b-1e385d19824e,Black Painting,Ad Reinhardt,1960,Minimalism,Museum of Modern Art,"New York City, USA",,,
5bde5d70-fb5d-4582-a32f-c1c032ab5bc0,"Abstract Painting, Red",Ad Reinhardt,1952,Minimalism,Whitney Museum of American Art,"New York City, USA",,https://www.wikiart.org/en/ad-reinhardt/abstract-painting-red-1952,
1a9ff3bb-b218-4b5c-833c-1b06215f9cc2,Untitled (Black and White),Robert Ryman,1963,Minimalism,Tate Modern,"London, United Kingdom",,https://www.wikiart.org/en/robert-ryman/untitled,
ee50e25e-9c64-40c0-bb9f-d1cf63c3187a,Ledger,Robert Ryman,1982,Minimalism,Museum of Modern Art,"New York City, USA",,,
4a2b5bda-0f7a-4cf0-80bb-13af8c4f4066,Untitled (White Painting),Robert Rauschenberg,1951,Minimalism,Museum of Modern Art,"New York City, USA",,,
a6e57a41-78c5-4d54-9b38-5ac8e2f81e3c,Oath of the Horatii,Jacques-Louis David,1784,Neoclassicism,Louvre Museum,"Paris, France",,,
bce8b61c-3e90-4a3b-98f3-d67b31f927b2,The Death of Socrates,Jacques-Louis David,1787,Neoclassicism,Metropolitan Museum of Art,"New York City, USA",,https://www.wikiart.org/en/jacques-louis-david/the-death-of-socrates-1787,
eacbdb03-1b93-4052-8f6d-20571d51dd45,The Death of Marat,Jacques-Louis David,1793,Neoclassicism,Royal Museums of Fine Arts of Belgium,"Brussels, Belgium",,,
77229d0e-8e47-45c2-bfd1-13b2726118a5,Napoleon Crossing the Alps,Jacques-Louis David,1801,Neoclassicism,Château de Malmaison,"Rueil-Malmaison, France",,,
d41240e4-3b23-46f0-bc02-517948e6bb7b,The Coronation of Napoleon,Jacques-Louis David,1807,Neoclassicism,Louvre Museum,"Paris, France",,https://www.wikiart.org/en/jacques-louis-david/the-coronation-of-napoleon-1807,
d4c11a64-93d3-4ff4-91c8-fc8e83b567d4,Brutus Receiving the Bodies of His Sons,Jacques-Louis David,1789,Neoclassicism,Louvre Museum,"Paris, France",,,
e0a681b3-65a3-4ff0-9b39-3a2d7f61c8cb,Madame Récamier,Jacques-Louis David,1800,Neoclassicism,Louvre Museum,"Paris, France",,,
f5c14cc2-2888-4ac4-878e-8b75b3a6a249,Grande Odalisque,Jean-Auguste-Dominique Ingres,1814,Neoclassicism,Louvre Museum,"Paris, France",,https://www.wikiart.org/en/jean-auguste-dominique-ingres/the-grande-odalisque-1814,
15a4e7da-bc9a-4aa5-8ed3-f6352c2a40e2,The Apotheosis of Homer,Jean-Auguste-Dominique Ingres,1827,Neoclassicism,Louvre Museum,"Paris, France",,https://www.wikiart.org/en/jean-auguste-dominique-ingres/the-apotheosis-of-homer,
cc8dc52a-b05b-4047-a52a-d541c97c3ff9,Portrait of Monsieur Bertin,Jean-Auguste-Dominique Ingres,1832,Neoclassicism,Louvre Museum,"Paris, France",,,
0a228496-d08a-4a6b-9e57-7d204e18ed3a,La Grande Baigneuse (The Valpinçon Bather),Jean-Auguste-Dominique Ingres,1808,Neoclassicism,Louvre Museum,"Paris, France",,,
2a00e199-b70c-4b4b-baf8-8e68c5d78fcb,Self-Portrait at the Easel,Élisabeth Louise Vigée Le Brun,1790,Neoclassicism,Uffizi Gallery,"Florence, Italy",,,
b0e1d248-f3c3-4ef0-a0f8-5a436f7261b7,Cornelia Presenting Her Children as Her Treasures,Angelica Kauffmann,1785,Neoclassicism,Virginia Museum of Fine Arts,"Richmond, USA",,,
bc30a209-ec38-4b2a-8781-2d67b0da2c0a,The Artist Hesitating Between the Arts of Music and Painting,Angelica Kauffmann,1794,Neoclassicism,Kenwood House,"London, United Kingdom",,,
beebae77-1b4c-4e10-a38f-23c56e60b30a,Venus Anadyomene,Jean-Auguste-Dominique Ingres,1848,Neoclassicism,"Musée Condé, Chantilly","Chantilly, France",,https://www.wikiart.org/en/jean-auguste-dominique-ingres/venus-anadyomene,
a3e1ec6b-d34b-470a-a5d9-8f3b489b9fd0,Portrait of Napoleon on the Imperial Throne,Jean-Auguste-Dominique Ingres,1806,Neoclassicism,Musée de l'Armée,"Paris, France",,https://www.wikiart.org/en/jean-auguste-dominique-ingres/portrait-of-napoleon-on-the-imperial-throne-1806,
0ac57064-3a1d-4cc4-b8b2-3e17a606b7b0,The Death of General Wolfe,Benjamin West,1770,Neoclassicism,National Gallery of Canada,"Ottawa, Canada",,https://www.wikiart.org/en/benjamin-west/the-death-of-general-wolfe-1770,
c41f8f0b-7b32-4586-a087-f9f6f9c6b00c,Agrippina Landing at Brundisium with the Ashes of Germanicus,Benjamin West,1772,Neoclassicism,Yale Center for British Art,"New Haven, USA",,,
5094161e-2d88-44c4-a788-d23441739f13,Cupid and Psyche,Jacques-Louis David,1817,Neoclassicism,Hermitage Museum,"St. Petersburg, Russia",,https://www.wikiart.org/en/jacques-louis-david/cupid-and-psyche-1817,
8308eb59-d9c8-4763-b4d1-94c8a602f195,The Intervention of the Sabine Women,Jacques-Louis David,1799,Neoclassicism,Louvre Museum,"Paris, France",,https://www.wikiart.org/en/jacques-louis-david/the-intervention-of-the-sabine-women-1799,
3075e2da-4d2a-4785-b52c-6c856c4fbc86,Portrait of Madame Moitessier,Jean-Auguste-Dominique Ingres,1856,Neoclassicism,National Gallery,"London, United Kingdom",,,
3b91c43e-6c9c-4d5b-90b2-38b2fc63a44a,Pauline Bonaparte as Venus Victrix,Antonio Canova,1808,Neoclassicism,Galleria Borghese,"Rome, Italy",,,
6e6df4cb-77b1-476b-bc84-d3b88467a32f,Portrait of a Lady as a Vestal Virgin,Angelica Kauffmann,1780,Neoclassicism,Tate Britain,"London, United Kingdom",,,
de6ac51c-4cf3-4b2e-8de2-3518efbdf92b,The Battle of the Romans and the Sabines,Jacques-Louis David,1799,Neoclassicism,Louvre Museum,"Paris, France",,,
4fd20c6b-c02f-4f3e-b25d-58b493fdf92e,Marilyn Diptych,Andy Warhol,1962,Pop Art,Tate Modern,"London, United Kingdom",,https://www.wikiart.org/en/andy-warhol/marilyn-diptych-1962,
f4c26a74-70f1-44cb-b9c8-4b66cf5a9a38,Campbell’s Soup Cans,Andy Warhol,1962,Pop Art,Museum of Modern Art,"New York City, USA",,https://www.wikiart.org/en/andy-warhol/campbells-soup-cans-1962,
b6274dc1-0104-4cc2-8577-567814f6e8b9,Eight Elvises,Andy Warhol,1963,Pop Art,Private Collection,USA,,,
af7802e0-1e02-456a-b5da-7bcb54a05815,Gold Marilyn Monroe,Andy Warhol,1962,Pop Art,Museum of Modern Art,"New York City, USA",,https://www.wikiart.org/en/andy-warhol/gold-marilyn-monroe-1962,
d1b4ad89-19f4-4dfc-8d41-33e17bb04bdb,Green Coca-Cola Bottles,Andy Warhol,1962,Pop Art,Whitney Museum of American Art,"New York City, USA",,https://www.wikiart.org/en/andy-warhol/green-coca-cola-bottles,
6e9a3cbe-b154-46a8-9858-d366f60ff3d5,Whaam!,Roy Lichtenstein,1963,Pop Art,Tate Modern,"London, United Kingdom",,https://www.wikiart.org/en/roy-lichtenstein/whaam-1963,
b2c0f02e-6074-45ff-b8e0-623fa3ad5976,Drowning Girl,Roy Lichtenstein,1963,Pop Art,Museum of Modern Art,"New York City, USA",,https://www.wikiart.org/en/roy-lichtenstein/drowning-girl-1963,
0f68103f-4a65-4429-9b54-2fc94645e5b7,"Oh, Jeff...I Love You, Too...But...",Roy Lichtenstein,1964,Pop Art,Tate Modern,"London, United Kingdom",,,
e9fa37e3-4a3c-42a2-9343-9a37cf59a14f,Look Mickey,Roy Lichtenstein,1961,Pop Art,National Gallery of Art,"Washington, D.C., USA",,https://www.wikiart.org/en/roy-lichtenstein/look-mickey-1961,
31a7b39e-46f1-46d5-949f-00d58fba236f,Masterpiece,Roy Lichtenstein,1962,Pop Art,Private Collection,USA,,,
db81cb17-9513-496b-80a1-60234ec7015d,"Just what is it that makes today's homes so different, so appealing?",Richard Hamilton,1956,Pop Art,Kunsthalle Tübingen,"Tübingen, Germany",,https://www.wikiart.org/en/richard-hamilton/just-what-is-it-that-makes-todays-homes-so-different-so-appealing-1956,
2b06b7b2-cc44-43a5-8f36-65b22cc8f62d,Interior II,Richard Hamilton,1964,Pop Art,Tate Britain,"London, United Kingdom",,https://www.wikiart.org/en/richard-hamilton/interior-ii-1964,
d9302f03-9ff7-4200-bb58-1e9c6613a6cb,A Bigger Splash,David Hockney,1967,Pop Art,Tate Britain,"London, United Kingdom",,,
4a41b68b-c9ab-4dc3-b0c4-e22f70b98a3a,Portrait of an Artist (Pool with Two Figures),David Hockney,1972,Pop Art,Private Collection,USA,,,
d15c7e4f-8b50-4e3c-b9f0-62b7c3657a13,Peter Getting Out of Nick’s Pool,David Hockney,1966,Pop Art,Walker Art Gallery,"Liverpool, United Kingdom",,,
3e29d5f4-9891-49ff-b6cb-d99e10c519d9,LOVE,Robert Indiana,1966,Pop Art,Indianapolis Museum of Art,"Indianapolis, USA",,,
2a0d65e2-46ed-4e4b-8150-03d6a542c75e,Hope,Robert Indiana,2008,Pop Art,Private Collection,USA,,https://www.wikiart.org/en/robert-indiana/hope-2008,
54a0d30b-38b2-4ab3-975d-0b76da37de19,Still Life #30,Tom Wesselmann,1963,Pop Art,Museum of Modern Art,"New York City, USA",,,
5ff6160a-3d08-402b-9f4e-81d3db8a7490,Bedroom Painting #41,Tom Wesselmann,1978,Pop Art,Private Collection,USA,,,
45e0b2b2-05e7-4ed1-8ac3-893554f013a4,I Was a Rich Man’s Plaything,Eduardo Paolozzi,1947,Pop Art,Tate Modern,"London, United Kingdom",,https://www.wikiart.org/en/eduardo-paolozzi/i-was-a-rich-mans-plaything-1947,
ba0e1394-dfae-4032-8a15-2c188d4b8a18,Blam,Roy Lichtenstein,1962,Pop Art,Yale University Art Gallery,"New Haven, USA",,https://www.wikiart.org/en/roy-lichtenstein/blam-1962,
4d20aa3b-56cc-4d74-816b-7c9318ee47db,100 Cans,Andy Warhol,1962,Pop Art,Albright-Knox Art Gallery,"Buffalo, USA",,https://www.wikiart.org/en/andy-warhol/100-cans-1962,
54de4c39-f2a5-4e4f-baf2-98851cf0cb15,Brushstrokes,Roy Lichtenstein,1965,Pop Art,Museum of Modern Art,"New York City, USA",,https://www.wikiart.org/en/roy-lichtenstein/brushstrokes-1965,
f63053d1-b8a5-4f6f-b3a3-50c3b06cb8fc,Banana,Andy Warhol,1966,Pop Art,Museum of Modern Art,"New York City, USA",,,
2df4b62b-5ee5-49b4-8196-b86e94cf39d0,Starry Night,Vincent van Gogh,1889,Post-Impressionism,Museum of Modern Art,"New York City, USA",,https://www.wikiart.org/en/vincent-van-gogh/the-starry-night-1889,
eaa2e1d8-36f0-4c52-8e68-36ab1979d3a7,Sunflowers,Vincent van Gogh,1888,Post-Impressionism,National Gallery,"London, United Kingdom",,https://www.wikiart.org/en/vincent-van-gogh/sunflowers-1888,
b0f4f7ef-7ec3-44f4-b412-3d4e3af233e8,The Bedroom,Vincent van Gogh,1888,Post-Impressionism,Van Gogh Museum,"Amsterdam, Netherlands",,,
c3173f9e-4147-4ff4-8a7a-2c91f0e8ff76,Irises,Vincent van Gogh,1889,Post-Impressionism,J. Paul Getty Museum,"Los Angeles, USA",,https://www.wikiart.org/en/vincent-van-gogh/irises-1889,
bd0873e8-70f7-4f4f-a4b2-3d08c7c63a8d,Wheatfield with Crows,Vincent van Gogh,1890,Post-Impressionism,Van Gogh Museum,"Amsterdam, Netherlands",,https://www.wikiart.org/en/vincent-van-gogh/wheatfield-with-crows-1890,
b14a8f9a-c21d-4e13-8f67-b617d0e5079f,The Night Café,Vincent van Gogh,1888,Post-Impressionism,Yale University Art Gallery,"New Haven, USA",,,
af26b27d-2f19-4c72-a7b8-82bc9856f272,Café Terrace at Night,Vincent van Gogh,1888,Post-Impressionism,Kröller-Müller Museum,"Otterlo, Netherlands",,,
771eaec1-6679-4723-b5dc-d6b894b7805c,The Card Players,Paul Cézanne,1895,Post-Impressionism,Musée d'Orsay,"Paris, France",,,
f0561d19-f0fc-4a6f-9780-5c49cf663f32,Mont Sainte-Victoire,Paul Cézanne,1902,Post-Impressionism,Philadelphia Museum of Art,"Philadelphia, USA",,,
e8a01086-6079-47d7-b03d-31797c7b7b90,The Basket of Apples,Paul Cézanne,1895,Post-Impressionism,Art Institute of Chicago,"Chicago, USA",,,
cf3eac7b-7d88-4a60-bf86-b158b56b2081,Still Life with a Curtain,Paul Cézanne,1895,Post-Impressionism,Hermitage Museum,"St. Petersburg, Russia",,,
0d4270d9-cb2c-4b8a-a46e-b67acb8f3b90,The Large Bathers,Paul Cézanne,1906,Post-Impressionism,Philadelphia Museum of Art,"Philadelphia, USA",,,
f70c3534-9fd7-48c5-a8ea-b9e1ed2b4058,Where Do We Come From? What Are We? Where Are We Going?,Paul Gauguin,1897,Post-Impressionism,Museum of Fine Arts,"Boston, USA",,https://www.wikiart.org/en/paul-gauguin/where-do-we-come-from-what-are-we-where-are-we-going-1897,
1a169229-9a49-4378-9c43-177f518b47cd,Vision After the Sermon,Paul Gauguin,1888,Post-Impressionism,National Galleries of Scotland,"Edinburgh, United Kingdom",,,
5e49ec2e-21d9-4c04-bcb5-19edff54f89a,Tahitian Women on the Beach,Paul Gauguin,1891,Post-Impressionism,Musée d'Orsay,"Paris, France",,,
cbe34c5d-7e2b-4ec2-b2c3-2b11cf57e1b3,The Yellow Christ,Paul Gauguin,1889,Post-Impressionism,Albright-Knox Art Gallery,"Buffalo, USA",,,https://upload.wikimedia.org/wikipedia/commons/9/9f/Paul_Gauguin_-_Le_Christ_jaune_%28The_Yellow_Christ%29_-_1946-4_-_Albright%E2%80%93Knox_Art_Gallery.tiff
e3406422-7e19-4805-91de-94e3126b760b,Self-Portrait with Halo and Snake,Paul Gauguin,1889,Post-Impressionism,National Gallery of Art,"Washington, D.C., USA",,,
e2dc50de-2a7b-437f-aeac-b1609e02d07f,At the Moulin Rouge,Henri de Toulouse-Lautrec,1892,Post-Impressionism,Art Institute of Chicago,"Chicago, USA",,,
82f5c76f-6a1e-4c8f-a826-06e223255730,Jane Avril Dancing,Henri de Toulouse-Lautrec,1892,Post-Impressionism,Musée d'Orsay,"Paris, France",,https://www.wikiart.org/en/henri-de-toulouse-lautrec/jane-avril-dancing-1892,
b4df7b2d-9c91-48b7-a3b2-5b9d3af88d3d,La Goulue Entering the Moulin Rouge,Henri de Toulouse-Lautrec,1892,Post-Impressionism,Museum of Modern Art,"New York City, USA",,,
894b1ec8-d85d-4013-b0c2-7da357e50933,The Siesta,Paul Gauguin,1894,Post-Impressionism,Metropolitan Museum of Art,"New York City, USA",,,
7f607bc8-2e86-4924-a45d-57cb5d9bb517,Still Life with Apples and Oranges,Paul Cézanne,1899,Post-Impressionism,Musée d'Orsay,"Paris, France",,,
178b11d5-7da0-4c3a-b6da-8a4f36a326b0,Portrait of Dr. Gachet,Vincent van Gogh,1890,Post-Impressionism,Private Collection,France,,,
0ad1784d-d58f-479f-bb62-4ef85fcd4d72,Self-Portrait with Bandaged Ear,Vincent van Gogh,1889,Post-Impressionism,Courtauld Gallery,"London, United Kingdom",,https://www.wikiart.org/en/vincent-van-gogh/self-portrait-with-bandaged-ear-1889,
fa9c84f0-5cdd-4ed1-88f6-b98b50a4a6d0,The Red Vineyard,Vincent van Gogh,1888,Post-Impressionism,Pushkin State Museum of Fine Arts,"Moscow, Russia",,,https://upload.wikimedia.org/wikipedia/commons/1/11/Vincent_van_Gogh_-_Red_Vineyard_at_Arles_%281888%29.jpg
cd8b37a8-9fd9-470c-96a3-d12b612a3872,Still Life with Plaster Cupid,Paul Cézanne,1895,Post-Impressionism,Courtauld Gallery,"London, United Kingdom",,,
bf35a5a9-0028-4b42-a9cf-356ba57b3b39,Cafe at Arles,Paul Gauguin,1888,Post-Impressionism,Pushkin Museum,"Moscow, Russia",,,
a7c4f112-4a1d-49b0-8e33-21e4c89ebff7,The Stone Breakers,Gustave Courbet,1849,Realism,Formerly Gemäldegalerie Dresden (destroyed in WWII),"Dresden, Germany",,https://www.wikiart.org/en/gustave-courbet/the-stone-breakers-1849,
9f04e0a5-65b3-4e9d-b74a-11d760a36d2f,A Burial at Ornans,Gustave Courbet,1850,Realism,Musée d'Orsay,"Paris, France",,https://www.wikiart.org/en/gustave-courbet/a-burial-at-ornans-1850,
f64c2e42-dc8c-4a1c-bd24-b0e6f22d39c4,The Painter's Studio,Gustave Courbet,1855,Realism,Musée d'Orsay,"Paris, France",,,
1dd40de2-e3ce-41b9-84a3-0cf586a8b2c2,The Meeting (Bonjour Monsieur Courbet),Gustave Courbet,1854,Realism,Musée Fabre,"Montpellier, France",,,
9edcb178-c858-4f7a-b1b4-faf9c92ff23d,The Gleaners,Jean-François Millet,1857,Realism,Musée d'Orsay,"Paris, France",,,
3a40b11e-0d73-4b91-8aa9-775f71dbeef3,The Angelus,Jean-François Millet,1859,Realism,Musée d'Orsay,"Paris, France",,,
ef524af1-c42a-4a29-b0da-0e1df0e6cf32,The Sower,Jean-François Millet,1850,Realism,Museum of Fine Arts,"Boston, USA",,,
d6fef0a5-401d-42b2-8c10-91cdd741313e,Man with a Hoe,Jean-François Millet,1862,Realism,J. Paul Getty Museum,"Los Angeles, USA",,,
f93a37d8-b2d9-4c34-940f-1b460dbf27d7,Rue Transnonain,Honoré Daumier,1834,Realism,Yale University Art Gallery,"New Haven, USA",,,
6aef1c48-d99e-4e46-8fa4-b8c3cdb13202,The Third-Class Carriage,Honoré Daumier,1862,Realism,Metropolitan Museum of Art,"New York City, USA",,,
b4047d8e-cb64-4f6c-8e1e-f6e3b8d713da,The Washerwomen,Honoré Daumier,1860,Realism,Musée d'Orsay,"Paris, France",,,
aa5df657-041c-4c31-bca7-42a639b97abf,The Horse Fair,Rosa Bonheur,1855,Realism,Metropolitan Museum of Art,"New York City, USA",,https://www.wikiart.org/en/rosa-bonheur/the-horse-fair-1855,
672b37a3-2b8a-4b34-b4ee-2cbca4e519d2,Plowing in the Nivernais,Rosa Bonheur,1849,Realism,Musée d'Orsay,"Paris, France",,https://www.wikiart.org/en/rosa-bonheur/plowing-in-the-nivernais-1849,
1a4e1c83-b6e2-4c1d-9c2b-b96caa3e30d3,Barge Haulers on the Volga,Ilya Repin,1873,Realism,State Russian Museum,"Saint Petersburg, Russia",,https://www.wikiart.org/en/ilya-repin/barge-haulers-on-the-volga-1873,
c9ad03b3-bcda-4b67-8464-f9edcfe99eb4,Religious Procession in Kursk Province,Ilya Repin,1883,Realism,State Tretyakov Gallery,"Moscow, Russia",,,
b257bf68-cb10-4fdc-bb29-f344ddc4149d,The Return of the Flock,Julien Dupré,1880,Realism,Private collection,France,,,
b468eab5-f3c4-4e6d-bcf3-1ec2c6c7bff5,The Potato Eaters,Vincent van Gogh,1885,Realism,Van Gogh Museum,"Amsterdam, Netherlands",,https://www.wikiart.org/en/vincent-van-gogh/the-potato-eaters-1885,
14a208b0-8b8d-4a5a-8082-d099099b3290,The Young Schoolmistress,Jean-Baptiste Greuze,1769,Realism,National Gallery,"London, United Kingdom",,,
d53d979a-9f67-4d4b-b66a-5229da5a63dc,Peasants Returning from the Fields,Jules Breton,1870,Realism,Musée d'Orsay,"Paris, France",,,
0b8943ac-216b-46cb-91b3-7f8b0f90ebcf,The Weeders,Jules Breton,1868,Realism,Metropolitan Museum of Art,"New York City, USA",,https://www.wikiart.org/en/jules-breton/the-weeders-1868,
993802a2-69e1-4897-b05e-c21b33d3450b,Washerwomen at Arles,Jean-Baptiste-Camille Corot,1852,Realism,Musée d'Orsay,"Paris, France",,,
f9e413c8-2b26-423a-961b-588a1b6f8f54,The Bridge at Narni,Jean-Baptiste-Camille Corot,1826,Realism,Louvre Museum,"Paris, France",,,
c5898b49-fbb1-4f4a-b9ad-70a25b5e8153,Souvenir of Mortefontaine,Jean-Baptiste-Camille Corot,1864,Realism,Louvre Museum,"Paris, France",,https://www.wikiart.org/en/jean-baptiste-camille-corot/souvenir-of-mortefontaine-1864,
4f03c30d-4706-4d9b-962f-168b1aefb2d7,Man with a Hoe,Jean-François Millet,1862,Realism,Getty Museum,"Los Angeles, USA",,,
c95ab6d3-54b4-4cf2-9ad1-47e12996e501,Mona Lisa,Leonardo da Vinci,1503,Renaissance,Louvre Museum,"Paris, France",,https://www.wikiart.org/en/leonardo-da-vinci/mona-lisa,
a3e70c2e-df24-478d-a79c-9e8ed4e55c11,The Last Supper,Leonardo da Vinci,1498,Renaissance,Santa Maria delle Grazie,"Milan, Italy",,,
7e13e41c-8b68-4f08-b099-b69e11f3f6ef,The Birth of Venus,Sandro Botticelli,1485,Renaissance,Uffizi Gallery,"Florence, Italy",,https://www.wikiart.org/en/sandro-botticelli/the-birth-of-venus-1485,
8d1a92de-0322-4954-9dc2-14e92cb9392a,Primavera,Sandro Botticelli,1482,Renaissance,Uffizi Gallery,"Florence, Italy",,,
2cb17d87-7864-4797-b76b-bae86e62ad9e,The School of Athens,Raphael,1511,Renaissance,Vatican Museums,Vatican City,,https://www.wikiart.org/en/raphael/the-school-of-athens-1511,
9f21d802-69cb-49df-98b0-50d6eb3ec4c8,Sistine Madonna,Raphael,1513,Renaissance,Gemäldegalerie Alte Meister,"Dresden, Germany",,https://www.wikiart.org/en/raphael/the-sistine-madonna-1513,
f12eec7a-6eb0-4f43-b0c4-7a31a71e1cc2,The Creation of Adam,Michelangelo,1512,Renaissance,"Sistine Chapel, Vatican Museums",Vatican City,,https://www.wikiart.org/en/michelangelo/the-creation-of-adam-1512,
c02cecb8-64db-4dcb-8f9e-64c6e1f25a24,The Last Judgment,Michelangelo,1541,Renaissance,"Sistine Chapel, Vatican Museums",Vatican City,,,
cd69ab09-5cf8-4b9f-833a-5ad680e0ec84,The Annunciation,Leonardo da Vinci,1475,Renaissance,Uffizi Gallery,"Florence, Italy",,,
1a6f0a35-13a0-4514-930d-69dc9a3e60b5,Lady with an Ermine,Leonardo da Vinci,1489,Renaissance,Czartoryski Museum,"Kraków, Poland",,,https://upload.wikimedia.org/wikipedia/commons/f/f9/Lady_with_an_Ermine_-_Leonardo_da_Vinci_-_Google_Art_Project.jpg
251d237c-5d75-4013-9a52-430dc3ab776a,Adoration of the Magi,Leonardo da Vinci,1481,Renaissance,Uffizi Gallery,"Florence, Italy",,,
734cbe9a-d0c7-46ee-a33a-4e98a77720b4,The Arnolfini Portrait,Jan van Eyck,1434,Renaissance,National Gallery,"London, United Kingdom",,,
ad4f6a0c-d0a0-4d29-bf8a-f12c6168917d,The Ghent Altarpiece,Jan van Eyck,1432,Renaissance,St. Bavo’s Cathedral,"Ghent, Belgium",,https://www.wikiart.org/en/jan-van-eyck/the-ghent-altarpiece-1432,
f8c66563-c1dc-4a52-8d09-f252705ea454,The Adoration of the Lamb (detail from Ghent Altarpiece),Hubert and Jan van Eyck,1432,Renaissance,St. Bavo’s Cathedral,"Ghent, Belgium",,,
84a9eaf2-17c9-49c1-92e4-c76f8dc0b2cf,The Tribute Money,Masaccio,1425,Renaissance,"Brancacci Chapel, Santa Maria del Carmine","Florence, Italy",,https://www.wikiart.org/en/masaccio/the-tribute-money-1425,
3b2368f7-4f5f-4c29-975c-38c62373c9f0,The Holy Trinity,Masaccio,1427,Renaissance,Santa Maria Novella,"Florence, Italy",,,
df2b9980-5e1f-4ab3-9b32-053dc81fcd84,The Delivery of the Keys to Saint Peter,Perugino,1482,Renaissance,"Sistine Chapel, Vatican Museums",Vatican City,,,
c112d39e-0c3c-4bb1-a957-3897b46d786b,The Tempest,Giorgione,1508,Renaissance,Gallerie dell’Accademia,"Venice, Italy",,,
eb38b07b-2984-4e48-8b70-b6aef3cb9a68,Assumption of the Virgin,Titian,1518,Renaissance,Basilica di Santa Maria Gloriosa dei Frari,"Venice, Italy",,https://www.wikiart.org/en/titian/assumption-of-the-virgin-1518,
89c0438b-96fc-4d21-a0df-f9d57f47a579,Venus of Urbino,Titian,1538,Renaissance,Uffizi Gallery,"Florence, Italy",,https://www.wikiart.org/en/titian/venus-of-urbino-1538,
d874df91-6b0f-463f-b5c0-1246b2b5e0f8,Madonna of the Meadow,Raphael,1506,Renaissance,Kunsthistorisches Museum,"Vienna, Austria",,,
5832d33c-f146-492b-91f3-305b3a929b0d,The Battle of San Romano,Paolo Uccello,1438,Renaissance,National Gallery,"London, United Kingdom",,https://www.wikiart.org/en/paolo-uccello/the-battle-of-san-romano,
2c171093-9eab-40cc-91d5-4ef44cb9e1da,The Adoration of the Magi,Gentile da Fabriano,1423,Renaissance,Uffizi Gallery,"Florence, Italy",,,
4baf7dc9-1e03-40b1-b007-dfa1c47eb3b8,Portrait of a Man with a Blue Sleeve,Titian,1512,Renaissance,National Gallery,"London, United Kingdom",,,
44f7c816-8d38-4a7a-b66f-2c7d9d3c6e12,The Madonna of the Rocks,Leonardo da Vinci,1486,Renaissance,Louvre Museum,"Paris, France",,,
cbad1f8c-02f5-4a91-8e53-7ebd9a55316f,Portrait of Baldassare Castiglione,Raphael,1515,Renaissance,Louvre Museum,"Paris, France",,,
f807dbb7-0cb1-4cf1-84ec-8e0d9dfb3a38,Madonna and Child with Two Angels,Filippo Lippi,1465,Renaissance,Uffizi Gallery,"Florence, Italy",,https://www.wikiart.org/en/filippo-lippi/madonna-and-child-with-two-angels-1465,
a4cf9e31-1bb6-4f94-b51e-04a2c5e05a76,Saint George and the Dragon,Raphael,1506,Renaissance,National Gallery of Art,"Washington, D.C., USA",,https://www.wikiart.org/en/raphael/saint-george-and-the-dragon-1506,
1b3a9378-9084-41da-9ef8-d9a233eb54b8,The Dead Christ,Andrea Mantegna,1480,Renaissance,Pinacoteca di Brera,"Milan, Italy",,,
90dfb379-4b25-4fa9-9ad4-c1a8a6fa00b5,Portrait of a Young Man,Sandro Botticelli,1480,Renaissance,National Gallery of Art,"Washington, D.C., USA",,https://www.wikiart.org/en/sandro-botticelli/portrait-of-a-young-man,
a967d1d9-4c7a-46c9-80fc-f9e7eb1f8831,The Swing,Jean-Honoré Fragonard,1767,Rococo,Wallace Collection,"London, United Kingdom",,,
2140f1e4-57f1-4d5a-87dc-3197283e0297,The Progress of Love: The Meeting,Jean-Honoré Fragonard,1773,Rococo,Frick Collection,"New York City, USA",,,
9b80e5f8-2c49-422a-8587-3c4ffb66e8fd,The Progress of Love: The Lover Crowned,Jean-Honoré Fragonard,1771,Rococo,Frick Collection,"New York City, USA",,,
cd3d3bb3-f52a-4e13-93d0-b1293a6a4a0e,The Lock,Jean-Honoré Fragonard,1777,Rococo,Louvre Museum,"Paris, France",,,
1f6b07ff-3c37-4b6a-9d1d-73a9b5f75b26,The Bathers,Jean-Honoré Fragonard,1765,Rococo,Louvre Museum,"Paris, France",,,
ac073163-604b-4bfc-b9b5-57de30debcf7,Diana Leaving the Bath,François Boucher,1742,Rococo,Louvre Museum,"Paris, France",,,
ec32e46a-4977-4784-9c7f-dc93b77737b4,The Toilet of Venus,François Boucher,1751,Rococo,Metropolitan Museum of Art,"New York City, USA",,,
8738d453-227d-4a72-9b3a-934dd158dd59,Madame de Pompadour,François Boucher,1756,Rococo,Alte Pinakothek,"Munich, Germany",,,
ce0af142-b1b9-4bb2-88cf-1e7ee15fd1d9,Cupid a Captive,François Boucher,1754,Rococo,Wallace Collection,"London, United Kingdom",,,
5e452b39-df74-4d32-9318-4a6d3cc7ce9c,The Embarkation for Cythera,Antoine Watteau,1717,Rococo,Louvre Museum,"Paris, France",,https://www.wikiart.org/en/antoine-watteau/the-embarkation-for-cythera-1717,
71af0733-58a1-4635-b165-cc529598dd38,Gilles (Pierrot),Antoine Watteau,1718,Rococo,Louvre Museum,"Paris, France",,https://www.wikiart.org/en/antoine-watteau/gilles,
545d24d7-88ba-499e-9f6c-2614ecbde9a9,The Signboard of Gersaint,Antoine Watteau,1721,Rococo,Charlottenburg Palace,"Berlin, Germany",,,
cc52e0a7-289d-4f8e-9cdb-9a6f07b16e18,Breakfast Scene,Jean-Baptiste-Siméon Chardin,1739,Rococo,National Gallery,"London, United Kingdom",,,
fc81d1d5-0c77-4f35-8ec5-9b66e3ce92b7,The Ray,Jean-Baptiste-Siméon Chardin,1728,Rococo,Louvre Museum,"Paris, France",,,
8b348b6d-b70d-4d57-b247-9cfbebf9a5ea,The House of Cards,Jean-Baptiste-Siméon Chardin,1737,Rococo,National Gallery,"London, United Kingdom",,,
d9a6e313-7a35-4b2d-b08f-182dfbda2c56,The Morning Toilet,François Boucher,1742,Rococo,Wallace Collection,"London, United Kingdom",,,
f59b83b5-4d80-4b02-937d-fd2d4b7ef69c,Self-Portrait with Her Daughter,Élisabeth Louise Vigée Le Brun,1789,Rococo,Louvre Museum,"Paris, France",,,
cba3b5b9-ec19-4d5c-a9f2-6b0f63ff6eb6,Marie Antoinette and Her Children,Élisabeth Louise Vigée Le Brun,1787,Rococo,Versailles Palace,"Versailles, France",,,
1e3da6a4-8cfb-43cb-8a24-fad4820d41e3,Portrait of Madame de Pompadour,François Boucher,1759,Rococo,Fogg Art Museum,"Cambridge, USA",,,
bba60d50-d4f2-4b7e-bb21-25ec2647a3eb,The Music Lesson,Jean-Honoré Fragonard,1769,Rococo,Wallace Collection,"London, United Kingdom",,,
3f3a3d18-d9b4-4b2d-89a0-7db8c7c273c1,The Love Letter,Jean-Honoré Fragonard,1770,Rococo,Wallace Collection,"London, United Kingdom",,,
709f3f6f-bd33-4c61-9b9e-3ce6b63df1d1,The Fountain of Love,Jean-Honoré Fragonard,1785,Rococo,Wallace Collection,"London, United Kingdom",,,
c4583e7b-556b-4bb4-8f5e-ef38b5f6f779,The Interrupted Sleep,François Boucher,1750,Rococo,Wallace Collection,"London, United Kingdom",,,
e9e679e1-8e9d-4f13-b28b-85e5a4e9cb4f,Pastoral Scene,François Boucher,1749,Rococo,Wallace Collection,"London, United Kingdom",,,
26cb93c9-b6b1-43b2-9e3f-969e537d8cb2,The Persistence of Memory,Salvador Dalí,1931,Surrealism,Museum of Modern Art,"New York City, USA",,,
b9c96d42-1b23-4b4f-8a74-9d21e3b8ad31,Swans Reflecting Elephants,Salvador Dalí,1937,Surrealism,Dalí Theatre-Museum,"Figueres, Spain",,,
72f207b8-4825-47dc-95b3-1a64b9efdc62,Metamorphosis of Narcissus,Salvador Dalí,1937,Surrealism,Tate Modern,"London, United Kingdom",,,
2ccca372-3177-42e4-8ef7-f98a88bba00e,The Elephants,Salvador Dalí,1948,Surrealism,Private Collection,Spain,,,
ea5a5f2a-fba7-4ef2-9615-bb1bb174acb2,Dream Caused by the Flight of a Bee Around a Pomegranate a Second Before Awakening,Salvador Dalí,1944,Surrealism,Thyssen-Bornemisza Museum,"Madrid, Spain",,,
7a32c29f-b4d8-499c-a64e-8e2a52c33ee9,The Lovers,René Magritte,1928,Surrealism,Museum of Modern Art,"New York City, USA",,,
77a59a61-5fda-46f4-b4e5-13f7b4b9cf09,The Son of Man,René Magritte,1964,Surrealism,Private Collection,Belgium,,,
b3d4a1a1-f98c-476f-8105-8c3e9a17c55e,The Treachery of Images,René Magritte,1929,Surrealism,Los Angeles County Museum of Art,"Los Angeles, USA",,,
f9d347e7-44ab-40b3-a7f4-69916fdc7a3e,Golconda,René Magritte,1953,Surrealism,Menil Collection,"Houston, USA",,,
983c83cf-6b67-47cd-82c4-65e3cf4e4a6a,The Human Condition,René Magritte,1933,Surrealism,National Gallery of Art,"Washington, D.C., USA",,,
258f17c1-8ad1-4921-9009-69d4d5df93b5,The False Mirror,René Magritte,1929,Surrealism,Museum of Modern Art,"New York City, USA",,,
dc5a047c-288c-4c15-9740-83979cf76c6b,Carnival of Harlequin,Joan Miró,1924,Surrealism,Albright-Knox Art Gallery,"Buffalo, USA",,,
7e8f4450-12b8-4699-872d-4c4a7e721e07,The Tilled Field,Joan Miró,1923,Surrealism,Solomon R. Guggenheim Museum,"New York City, USA",,,
3314d5e7-b91f-4f9e-9084-49957c835f7b,Dog Barking at the Moon,Joan Miró,1926,Surrealism,Solomon R. Guggenheim Museum,"New York City, USA",,,
b9df568f-2f63-4c73-a9ac-779706d1c733,Women and Bird in the Moonlight,Joan Miró,1949,Surrealism,Fundació Joan Miró,"Barcelona, Spain",,,
e52fda06-05c7-462d-968a-c06f1b7bde72,Europe After the Rain II,Max Ernst,1942,Surrealism,Wadsworth Atheneum,"Hartford, USA",,https://www.wikiart.org/en/max-ernst/europe-after-the-rain-ii,
28d86f73-51f4-4d77-9cf0-bc15f34c4421,The Elephant Celebes,Max Ernst,1921,Surrealism,Tate Modern,"London, United Kingdom",,https://www.wikiart.org/en/max-ernst/the-elephant-celebes-1921,
7b321d7f-4f2a-495a-9d7e-2bb283af91b5,Two Children Are Threatened by a Nightingale,Max Ernst,1924,Surrealism,Museum of Modern Art,"New York City, USA",,https://www.wikiart.org/en/max-ernst/two-children-are-threatened-by-a-nightingale-1924,
77b1c05d-09d4-4218-9a7b-5a1ce99f741d,The Entire City,Max Ernst,1936,Surrealism,Guggenheim Museum,"New York City, USA",,https://www.wikiart.org/en/max-ernst/the-entire-city,
d55e0a45-8f50-49b1-8b8a-38d5e034e35d,The Lovers II,René Magritte,1928,Surrealism,Museum of Modern Art,"New York City, USA",,,
e45e7c1d-0c2a-48f3-925b-4df17aab6227,Apparition of Face and Fruit Dish on a Beach,Salvador Dalí,1938,Surrealism,Wadsworth Atheneum,"Hartford, USA",,,
94494663-b469-4d59-8197-463315256bd9,Soft Construction with Boiled Beans (Premonition of Civil War),Salvador Dalí,1936,Surrealism,Philadelphia Museum of Art,"Philadelphia, USA",,,
70590c45-8163-47ce-b7a2-0f94a06a5eb3,The Disintegration of the Persistence of Memory,Salvador Dalí,1954,Surrealism,Dalí Museum,"St. Petersburg, USA",,,
46e1ab49-0a48-4cf6-a238-278d4fa0b184,Time Transfixed,René Magritte,1938,Surrealism,Art Institute of Chicago,"Chicago, USA",,,
0e8d040e-74a0-44a2-a727-29a6e8b2b92b,The Lovers III,René Magritte,1928,Surrealism,Private Collection,Belgium,,,
5e3fbc88-013a-4f61-96f1-f9dc7e87f597,The Red Tower,Giorgio de Chirico,1913,Surrealism,Museum of Modern Art,"New York City, USA",,https://www.wikiart.org/en/giorgio-de-chirico/the-red-tower-1913,
b9ab9b1e-1b47-44fc-87c5-d0cfa4e87cc4,Mystery and Melancholy of a Street,Giorgio de Chirico,1914,Surrealism,Private Collection,Italy,,https://www.wikiart.org/en/giorgio-de-chirico/mystery-and-melancholy-of-a-street-1914,
4b1e6b47-5a2e-4b18-93b9-bffb27d0ec04,The Great Masturbator,Salvador Dalí,1929,Surrealism,Museo Nacional Centro de Arte Reina Sofía,"Madrid, Spain",,,https://upload.wikimedia.org/wikipedia/commons/3/35/El_gran_masturbador.jpg
d3a4e04a-836e-4a1a-a22c-3f98aebd01bb,Jupiter and Semele,Gustave Moreau,1895,Symbolism,Musée Gustave Moreau,"Paris, France",,https://www.wikiart.org/en/gustave-moreau/jupiter-and-semele-1895,
cd1df94e-b4ac-42e8-bb1f-07932ec3e0d2,Salome Dancing before Herod,Gustave Moreau,1876,Symbolism,Musée d'Orsay,"Paris, France",,https://www.wikiart.org/en/gustave-moreau/salome-dancing-before-herod,
8e2415ab-b523-4b12-999b-f16df1da4b7a,The Apparition,Gustave Moreau,1876,Symbolism,Musée d'Orsay,"Paris, France",,https://www.wikiart.org/en/gustave-moreau/the-apparition,
607a358b-69ae-4e39-b13d-4f7a56c4f1ed,The Cyclops,Odilon Redon,1914,Symbolism,Kröller-Müller Museum,"Otterlo, Netherlands",,https://www.wikiart.org/en/odilon-redon/the-cyclops,
efc7363e-e27a-4b9f-b931-bef71d32a544,Ophelia among the Flowers,Odilon Redon,1905,Symbolism,Musée d'Orsay,"Paris, France",,,
fe257ac7-5a71-4b91-828b-8f75bde14e76,Spirit of the Forest,Odilon Redon,1890,Symbolism,Musée d'Orsay,"Paris, France",,https://www.wikiart.org/en/odilon-redon/spirit-of-the-forest-1890,
a417ee63-0df9-43db-8c81-067d40d0a9c5,Isle of the Dead,Arnold Böcklin,1883,Symbolism,Kunstmuseum Basel,"Basel, Switzerland",,,https://upload.wikimedia.org/wikipedia/commons/6/65/Arnold_B%C3%B6cklin_-_Die_Toteninsel_III_%28Alte_Nationalgalerie%2C_Berlin%29.jpg
cdab264b-6efc-4c44-90d7-6bda7e0d4305,Self-Portrait with Death Playing the Fiddle,Arnold Böcklin,1872,Symbolism,Neue Pinakothek,"Munich, Germany",,,
f0c92e94-251c-4639-80ec-8cf1e6d24a84,The Silence,Fernand Khnopff,1890,Symbolism,Musées Royaux des Beaux-Arts de Belgique,"Brussels, Belgium",,,
b13e9b59-4f42-4fa7-871f-7b6d2b8f8821,I Lock My Door Upon Myself,Fernand Khnopff,1891,Symbolism,Neue Pinakothek,"Munich, Germany",,https://www.wikiart.org/en/fernand-khnopff/i-lock-my-door-upon-myself-1891,
fcba343d-e1f2-4374-a5cf-5cd1ed72b0e1,Caress of the Sphinx,Fernand Khnopff,1896,Symbolism,Musées Royaux des Beaux-Arts de Belgique,"Brussels, Belgium",,,
7b23af84-49a3-4c74-9544-d4d38f5da727,Hope I,Gustav Klimt,1903,Symbolism,National Gallery of Canada,"Ottawa, Canada",,https://www.wikiart.org/en/gustav-klimt/hope-i,
feac67b2-bb52-4e4f-b16a-f9b9984747a7,The Kiss,Gustav Klimt,1908,Symbolism,Österreichische Galerie Belvedere,"Vienna, Austria",,,https://upload.wikimedia.org/wikipedia/commons/4/40/The_Kiss_-_Gustav_Klimt_-_Google_Cultural_Institute.jpg
34e3e04e-d5f2-4b8d-8881-1d889b7ec10b,Judith and the Head of Holofernes,Gustav Klimt,1901,Symbolism,Belvedere Museum,"Vienna, Austria",,,
dce40412-b12a-4d42-bf65-0c98689b15f8,The Golden Knight (Life is a Struggle),Franz von Stuck,1897,Symbolism,Museum Villa Stuck,"Munich, Germany",,,
15d55db9-69f9-49f0-81f3-3f4d8cf2a5bc,The Sin,Franz von Stuck,1893,Symbolism,Neue Pinakothek,"Munich, Germany",,https://www.wikiart.org/en/franz-von-stuck/the-sin,
03258b2e-5a2b-4a83-9fd2-52c009e4cf25,The Bride of the Wind,Oskar Kokoschka,1914,Symbolism,Kunstmuseum Basel,"Basel, Switzerland",,,
6d9ef583-ecf0-4fdf-8c45-16e1cbce7c90,The Evil Mothers,Giovanni Segantini,1894,Symbolism,Galleria d’Arte Moderna,"Milan, Italy",,https://www.wikiart.org/en/giovanni-segantini/the-evil-mothers,
74493171-90e2-4d27-8fa7-1eaf0b5b9a4e,The Punishment of Lust,Giovanni Segantini,1891,Symbolism,Walker Art Gallery,"Liverpool, United Kingdom",,https://www.wikiart.org/en/giovanni-segantini/the-punishment-of-lust-1891,
2f7ed8e5-0488-4672-85ea-0c46a452f0c4,The Vision,Lucien Lévy-Dhurmer,1895,Symbolism,Musée d'Orsay,"Paris, France",,,
d925825d-c47c-4c86-99a7-f6adf5b08b9d,The Dream,Henri Rousseau,1910,Symbolism,Museum of Modern Art,"New York City, USA",,https://www.wikiart.org/en/henri-rousseau/the-dream-1910,
f22d2d1a-1e0d-45a5-a21c-b6e2a16a8902,The Sleeping Gypsy,Henri Rousseau,1897,Symbolism,Museum of Modern Art,"New York City, USA",,https://www.wikiart.org/en/henri-rousseau/the-sleeping-gypsy-1897,
a5eb58a7-4cde-43dc-9d90-daa0f40d920a,The Sacred Grove,Pierre Puvis de Chavannes,1884,Symbolism,Musée d'Orsay,"Paris, France",,,
4dcba8b1-36c0-4b1e-8f42-ea877d39e510,Young Girls by the Sea,Pierre Puvis de Chavannes,1879,Symbolism,Metropolitan Museum of Art,"New York City, USA",,https://www.wikiart.org/en/pierre-puvis-de-chavannes/young-girls-by-the-sea,
